Popularity Rank,Game,Original Year,Original Developer,Source Release,License / Status,Source Scope,Assets / Data,Official / Primary Repository,Modern Source Port / Continuation,Engine / Architecture,Modding Potential (1-5),Rust Port Candidate (1-10),GitHub Stars,Verification / Notes,Primary Source
1,DOOM,1993,id Software,1997,GPL-2.0,Game/engine source,Original data separate/proprietary,https://github.com/id-Software/DOOM,GZDoom; DSDA-Doom; Chocolate Doom,"2.5D sectors/BSP, fixed tick, WAD, software renderer",5,10,19662.0,Live GitHub metadata 2026-10-07,https://en.wikipedia.org/wiki/List_of_commercial_video_games_with_later_released_source_code
2,Quake,1996,id Software,1999,GPL-2.0-or-later,Game/engine source,Original data separate/proprietary,https://github.com/id-Software/Quake,vkQuake; Quakespasm; Ironwail,"True-3D BSP, client/server, QuakeC",5,10,6080.0,Live GitHub metadata 2026-10-07,https://en.wikipedia.org/wiki/List_of_commercial_video_games_with_later_released_source_code
3,Quake III Arena,1999,id Software,2005,GPL-2.0-or-later,Game/engine source,Original data separate/proprietary,https://github.com/id-Software/Quake-III-Arena,ioquake3; Spearmint,"Client/server, prediction, bytecode VM, BSP, bots",5,10,8255.0,Live GitHub metadata 2026-10-07,https://en.wikipedia.org/wiki/List_of_commercial_video_games_with_later_released_source_code
4,Duke Nukem 3D,1996,3D Realms / Apogee,2003,GPL-2.0,Game source,Original data separate/proprietary,https://github.com/icculus/duke3d,EDuke32; Rednukem,"Build 2.5D sectors, CON scripting, sprites",5,9,19.0,Live GitHub metadata 2026-10-07,https://en.wikipedia.org/wiki/List_of_commercial_video_games_with_later_released_source_code
5,DOOM II,1994,id Software,1999,GPL-2.0,Shares DOOM source lineage,Commercial WAD data separate,https://github.com/id-Software/DOOM,GZDoom; DSDA-Doom; Crispy Doom,DOOM engine/WAD/BSP,5,10,19662.0,Same source repository as DOOM,https://en.wikipedia.org/wiki/List_of_commercial_video_games_with_later_released_source_code
6,Wolfenstein 3D,1992,id Software,1995,GPL-2.0-or-later,Game source,Original data separate/proprietary,https://github.com/id-Software/wolf3d,ECWolf,"Raycasting grid, tile maps, sprite objects",5,9,,Repo not live-queried in this pass,https://en.wikipedia.org/wiki/List_of_commercial_video_games_with_later_released_source_code
7,Quake II,1997,id Software,2001,GPL-2.0-or-later,Game/engine source,Original data separate/proprietary,https://github.com/id-Software/Quake-2,Yamagi Quake II; vkQuake2,"True-3D BSP, client/server, game DLL boundary",5,10,3350.0,Live GitHub metadata 2026-10-07,https://en.wikipedia.org/wiki/List_of_commercial_video_games_with_later_released_source_code
8,Doom 3,2004,id Software,2011,GPL-3.0,Engine/game source,Original data separate/proprietary,https://github.com/id-Software/DOOM-3,dhewm3,"id Tech 4, stencil shadows, DoomScript, maps",5,10,,Repo URL known; live metadata unavailable,https://en.wikipedia.org/wiki/List_of_commercial_video_games_with_later_released_source_code
9,Doom 3: BFG Edition,2012,id Software,2012,GPL-3.0,Engine/game source,Original data separate/proprietary,https://github.com/id-Software/DOOM-3-BFG,RBDoom3BFG,"id Tech 4 derivative, renderer/gamecode",5,10,5380.0,Live GitHub metadata 2026-10-07,https://en.wikipedia.org/wiki/List_of_commercial_video_games_with_later_released_source_code
10,Return to Castle Wolfenstein,2001,id Software / Gray Matter,2010,GPL-3.0,Engine/game source,Original data separate/proprietary,https://github.com/id-Software/RTCW-SP,ioRTCW; RealRTCW,"id Tech 3, client/server, scripted missions",5,9,,Repo family; stars not live-queried,https://en.wikipedia.org/wiki/List_of_commercial_video_games_with_later_released_source_code
11,Wolfenstein: Enemy Territory,2003,Splash Damage / id Software,2010,GPL-3.0,Multiplayer game/engine source,Original data separate/proprietary,https://github.com/id-Software/Enemy-Territory,ET: Legacy; ETJump,"id Tech 3, persistent objective multiplayer",5,9,616.0,Live GitHub metadata 2026-10-07,https://en.wikipedia.org/wiki/List_of_commercial_video_games_with_later_released_source_code
12,Homeworld,1999,Relic Entertainment,2003,Non-commercial source license,Game source,Original assets proprietary,,Homeworld SDL/community ports,"3D RTS, fleet AI, formations, resource simulation",5,9,,Source release is not conventional open source,https://en.wikipedia.org/wiki/List_of_commercial_video_games_with_later_released_source_code
13,System Shock,1994,Looking Glass Studios,2018,GPL-3.0,Mac source release / engine code,Original data separate,https://github.com/NightDive-Studio/shockmac,System Shock source-based ports,"Immersive sim, rooms/objects, scripting, software rendering",5,9,1465.0,Live GitHub metadata 2026-10-07,https://en.wikipedia.org/wiki/List_of_commercial_video_games_with_later_released_source_code
14,Serious Sam Classic,2001,Croteam,2016,GPL-2.0,Engine + game source,Original commercial assets separate,https://github.com/Croteam-official/Serious-Engine,Serious Sam Classic open engine forks,"Large-area 3D engine, entities, portals, networking",5,9,3180.0,Live GitHub metadata 2026-10-07,https://en.wikipedia.org/wiki/List_of_commercial_video_games_with_later_released_source_code
15,Descent 3,1999,Outrage / Interplay,2024,GPL-3.0,Game/engine source,Original assets separate,https://github.com/DescentDevelopers/Descent3,Descent 3 community builds,"Full 6DOF 3D, portals, physics, networking",5,10,3013.0,Live GitHub metadata 2026-10-07,https://en.wikipedia.org/wiki/List_of_commercial_video_games_with_later_released_source_code
16,Descent,1995,Parallax Software,1997,Source available,Near-complete source,Original assets separate,https://github.com/dxx-rebirth/d1x-rebirth,D1X-Rebirth,"6DOF mine model, robots, missiles",5,9,,Community source port,https://en.wikipedia.org/wiki/List_of_commercial_video_games_with_later_released_source_code
17,Descent II,1996,Parallax Software,1999,Source available,Near-complete source,Original assets separate,https://github.com/dxx-rebirth/d2x-rebirth,D2X-Rebirth,"6DOF, mine segments, robots, multiplayer",5,9,,Community source port,https://en.wikipedia.org/wiki/List_of_commercial_video_games_with_later_released_source_code
18,FreeSpace 2,1999,Volition,2002,Source available / SCP,Game/engine source,Original assets separate,https://github.com/scp-fs2open/fs2open.github.com,FSOpen / Knossos,"Space combat, mission scripting, AI, large battles",5,9,,Repo not live-queried,https://en.wikipedia.org/wiki/List_of_commercial_video_games_with_later_released_source_code
19,Star Wars Jedi Knight II: Jedi Outcast,2002,Raven Software,2013,GPL-2.0,Game/engine source,Original data separate,https://github.com/JACoders/OpenJK,OpenJK; OpenJKDF2,"id Tech 3 derivative, saber combat, NPC AI",5,9,,Community OpenJK repository,https://en.wikipedia.org/wiki/List_of_commercial_video_games_with_later_released_source_code
20,Star Wars Jedi Knight: Jedi Academy,2003,Raven Software,2013,GPL-2.0,Game/engine source,Original data separate,https://github.com/JACoders/OpenJK,OpenJK,"id Tech 3 derivative, saber combat, third person",5,9,,Shared OpenJK codebase,https://en.wikipedia.org/wiki/List_of_commercial_video_games_with_later_released_source_code
21,Command & Conquer: Tiberian Dawn,1995,Westwood Studios / EA,2020/2025,GPL-3.0,Game source,Remastered assets separately licensed; original full source released in 2025,https://github.com/electronicarts/CnC_Tiberian_Dawn,OpenRA (reimplementation); remaster source,"2D RTS, deterministic simulation, scripting",5,9,,Repo not live-queried,https://en.wikipedia.org/wiki/List_of_commercial_video_games_with_later_released_source_code
22,Command & Conquer: Red Alert,1996,Westwood Studios / EA,2020/2025,GPL-3.0,Game source,Remastered assets separately licensed; original full source released in 2025,https://github.com/electronicarts/CnC_Red_Alert,OpenRA (reimplementation); remaster source,"2D RTS, deterministic sim, triggers",5,9,,Repo not live-queried,https://en.wikipedia.org/wiki/List_of_commercial_video_games_with_later_released_source_code
23,Warzone 2100,1999,Pumpkin Studios,2004,GPL-2.0,Game source + released content,Large amount of free/open content,https://github.com/Warzone2100/warzone2100,Warzone 2100,"3D RTS, tech tree, scripting, pathfinding",5,9,3988.0,Live GitHub metadata 2026-10-07,https://en.wikipedia.org/wiki/List_of_commercial_video_games_with_later_released_source_code
24,Space Engineers,2013,Keen Software House,2015,Source-available proprietary license,Very large/full source access,Commercial assets proprietary,https://github.com/KeenSoftwareHouse/SpaceEngineers,Official/modding ecosystem,"Voxel sandbox, physics, networking, scripting",5,8,,"Source-available, not OSI open source",https://en.wikipedia.org/wiki/List_of_commercial_video_games_with_later_released_source_code
25,Prince of Persia,1989,Broderbund / Jordan Mechner,2012,Source available,Original Apple II source,Original data/source artifacts vary,,SDLPoP (reimplementation),"Frame-based platformer, rotoscoped animation, tile maps",5,8,,Source recovery rather than modern engine release,https://en.wikipedia.org/wiki/List_of_commercial_video_games_with_later_released_source_code
26,SimCity / Micropolis,1989,Maxis / Will Wright,2008,GPL,Game source,Original commercial data caveats,https://github.com/SimHacker/micropolis,Micropolis,"Cellular city sim, demand/zone simulation, isometric 2D",5,9,,Repo not live-queried,https://en.wikipedia.org/wiki/List_of_commercial_video_games_with_later_released_source_code
27,Star Control II / The Ur-Quan Masters,1992,Accolade / Toys for Bob,2002,GPL / open content components,Engine/game source via UQM,Large amount of free/open content,https://github.com/uqm/freecnc,The Ur-Quan Masters,"Hybrid adventure/space combat, dialogue scripting",5,8,,Open UQM ecosystem,https://en.wikipedia.org/wiki/List_of_commercial_video_games_with_later_released_source_code
28,Marathon,1994,Bungie,1990s-2000s,GPL/Open assets depending component,Engine/game source lineage,Assets later made freely available,https://github.com/Aleph-One-Marathon/alephone,Aleph One,"Classic FPS engine, portals, scripting",5,8,,Community engine; source evolved beyond original,https://en.wikipedia.org/wiki/List_of_commercial_video_games_with_later_released_source_code
29,Marathon 2: Durandal,1995,Bungie,1990s-2000s,GPL/Open assets depending component,Engine/game source lineage,Assets later made freely available,https://github.com/Aleph-One-Marathon/alephone,Aleph One,"Classic FPS, portals, scripting",5,8,,Community engine,https://en.wikipedia.org/wiki/List_of_commercial_video_games_with_later_released_source_code
30,Marathon Infinity,1996,Bungie,1990s-2000s,GPL/Open assets depending component,Engine/game source lineage,Assets later made freely available,https://github.com/Aleph-One-Marathon/alephone,Aleph One,"Classic FPS, portals, complex scripting",5,8,,Community engine,https://en.wikipedia.org/wiki/List_of_commercial_video_games_with_later_released_source_code
31,Heretic,1994,Raven Software,1999,GPL-2.0,Game source,Original WAD separate,https://github.com/chocolate-doom/chocolate-doom,Chocolate Heretic; Crispy Heretic,"DOOM engine derivative, inventory/weapons, magic",5,9,,Source-port repo is not original source,https://en.wikipedia.org/wiki/List_of_commercial_video_games_with_later_released_source_code
32,Hexen: Beyond Heretic,1995,Raven Software,1999,GPL-2.0,Game source,Original WAD separate,https://github.com/chocolate-doom/chocolate-doom,Chocolate Hexen; GZDoom,"DOOM-derived hub levels, ACS scripting, classes",5,9,,Source-port repo is not original source,https://en.wikipedia.org/wiki/List_of_commercial_video_games_with_later_released_source_code
33,Hexen II,1997,Raven Software,1999,GPL-2.0-or-later,Engine/game source,Original data separate,https://github.com/yquake2/hexen2,Hammer of Thyrion,"Quake-derived true 3D, modelled enemies, hubs",5,9,,Modern source port,https://en.wikipedia.org/wiki/List_of_commercial_video_games_with_later_released_source_code
34,Strife,1996,Rogue Entertainment,2014,GPL-2.0-or-later,Game source,Original data separate,https://github.com/coelckers/strife,GZDoom Strife; Chocolate Strife,"DOOM engine + dialogue, inventory, quests",5,9,,Community source-port ecosystem,https://en.wikipedia.org/wiki/List_of_commercial_video_games_with_later_released_source_code
35,Heretic II,1998,Raven Software,1998,Proprietary source/SDK,Game code in official tools,Original assets proprietary,,Raven engine community forks,Quake II-derived 3D action/adventure,4,8,,Source distributed with editing tools,https://en.wikipedia.org/wiki/List_of_commercial_video_games_with_later_released_source_code
36,Shadow Warrior,1997,3D Realms / Apogee,2005,GPL-2.0,Game source,Original GRP separate,,VoidSW; SWP,"Build 2.5D, CON scripting, vehicles",5,9,,Source repository varies by fork,https://en.wikipedia.org/wiki/List_of_commercial_video_games_with_later_released_source_code
37,Rise of the Triad,1994,Apogee / 3D Realms,2005,GPL-2.0,Game source,Original assets separate,,RotT source ports,"Build-derived 2.5D, sectors, actors",5,8,,Community repository,https://en.wikipedia.org/wiki/List_of_commercial_video_games_with_later_released_source_code
38,SiN,1998,Ritual Entertainment,2006,GPL-2.0,Game/engine source,Original assets separate,,SiN source ports,"Quake-derived true 3D, scripting, mission system",4,8,,Repo varies,https://en.wikipedia.org/wiki/List_of_commercial_video_games_with_later_released_source_code
39,Kingpin: Life of Crime,1999,Xatrix Entertainment,2001,GPL-2.0,Game/engine source,Original assets separate,,Kingpin source ports,"Quake II-derived, NPC factions, scripting",5,8,,Community repo,https://en.wikipedia.org/wiki/List_of_commercial_video_games_with_later_released_source_code
40,Heavy Metal: F.A.K.K. 2,2000,Ritual Entertainment,2001,Proprietary source/SDK,Game code distributed with official tools,Original assets proprietary,,OpenFAKK2,"Quake III-derived, third-person action",4,8,,Source distributed with editing tools,https://en.wikipedia.org/wiki/List_of_commercial_video_games_with_later_released_source_code
41,Soldier of Fortune,2000,Raven Software,2000s,Proprietary source/SDK,Game code via official SDK,Original assets proprietary,,Community forks,"Quake II-derived, hit-location/gore systems",4,8,,SDK/source-available,https://en.wikipedia.org/wiki/List_of_commercial_video_games_with_later_released_source_code
42,Soldier of Fortune II: Double Helix,2002,Raven Software,2000s,Proprietary source/SDK,Game code via SDK,Original assets proprietary,,Raven engine forks,Quake III-derived FPS,4,8,,SDK/source-available,https://en.wikipedia.org/wiki/List_of_commercial_video_games_with_later_released_source_code
43,Star Trek: Voyager – Elite Force,2000,Raven Software,2000s,Source/SDK availability,Game code through tools/SDK,Original assets proprietary,,Community engine work,"Quake III-derived FPS, scripted missions",4,8,,Source status varies by component,https://en.wikipedia.org/wiki/List_of_commercial_video_games_with_later_released_source_code
44,Aliens versus Predator,1999,Rebellion Developments,2013,Non-commercial source license,Game source,Original assets separate,,AvP Classic source-based ports,"Hybrid FPS, asymmetric species mechanics",5,8,,License restricts commercial use,https://en.wikipedia.org/wiki/List_of_commercial_video_games_with_later_released_source_code
45,No One Lives Forever,2000,Monolith Productions,2001,Proprietary / toolkit source,Game source/toolkit,Original assets proprietary,,NOLF community projects,"LithTech FPS, AI, stealth, gadgets",5,8,,Source release through official materials,https://en.wikipedia.org/wiki/List_of_commercial_video_games_with_later_released_source_code
46,No One Lives Forever 2,2002,Monolith Productions,2011,Source-available/toolkit release,Game source/toolkit,Original assets proprietary,,NOLF2 community projects,"LithTech/Jupiter FPS, scripted AI, stealth",5,8,,Catalog documents source/toolkit release,https://en.wikipedia.org/wiki/List_of_commercial_video_games_with_later_released_source_code
47,Natural Selection,2002,Unknown Worlds,2014,Source-available community code,Large amount of original mod code,Original assets proprietary,,NS Classic community ecosystem,"Half-Life mod, RTS/FPS hybrid, tech trees",5,8,,Not fully open source,https://en.wikipedia.org/wiki/List_of_commercial_video_games_with_later_released_source_code
48,Canabalt,2009,Adam Saltsman,2010s,Source available,Game source,Original assets licensed separately,,Canabalt source forks,"Endless runner, deterministic physics/input loop",4,7,,License/data nuances,https://en.wikipedia.org/wiki/List_of_commercial_video_games_with_later_released_source_code
49,VVVVVV,2010,Terry Cavanagh,2020,Custom source license,Large source release,Assets/data license differs,https://github.com/TerryCavanagh/VVVVVV,VVVVVV community forks,"2D tile engine, room graph, custom physics",5,9,8025.0,Live GitHub metadata 2026-10-07,https://en.wikipedia.org/wiki/List_of_commercial_video_games_with_later_released_source_code
50,Overgrowth,2017,Wolfire Games,2022,Apache-2.0 source,Game source,Commercial game assets/licensing caveats,https://github.com/WolfireGames/overgrowth,Overgrowth source tree,"Modern 3D animation/combat, physics, Lua",5,9,2911.0,Live GitHub metadata 2026-10-07,https://en.wikipedia.org/wiki/List_of_commercial_video_games_with_later_released_source_code
51,Lugaru,2005,Wolfire Games,2010,GPL-2.0-or-later,Game source,Assets later CC BY-SA 3.0,https://github.com/WolfireGames/lugaru,Lugaru HD/open source,"3D third-person combat, animation, physics",5,8,43.0,Live GitHub metadata 2026-10-07,https://en.wikipedia.org/wiki/List_of_commercial_video_games_with_later_released_source_code
52,Aquaria,2007,Bit Blot,2010,GPL-3.0,Game source,Some content released separately,,Aquaria community ports,"2D exploration, physics, scripting",5,8,,Source-release wave,https://en.wikipedia.org/wiki/List_of_commercial_video_games_with_later_released_source_code
53,Gish,2004,Cryptic Sea,2010,GPL,Game source,Content/license varies,,Gish source forks,2D physics platformer,4,7,,Source-release wave,https://en.wikipedia.org/wiki/List_of_commercial_video_games_with_later_released_source_code
54,Amnesia: The Dark Descent,2010,Frictional Games,2020,GPL-3.0,Game + engine + tools,Original assets separate,https://github.com/FrictionalGames/AmnesiaTheDarkDescent,Amnesia source tree,"HPL2, physics, scripting, interactive horror",5,9,,Repo not live-queried,https://en.wikipedia.org/wiki/List_of_commercial_video_games_with_later_released_source_code
55,Penumbra: Overture,2007,Frictional Games,2009,GPL-3.0-or-later,Game/engine source,Original assets separate,https://github.com/FrictionalGames/HPL1Engine,HPL1 community ports,"Early HPL engine, physics, interactive props",5,8,,Engine source,https://en.wikipedia.org/wiki/List_of_commercial_video_games_with_later_released_source_code
56,Arx Fatalis,2002,Arkane Studios,2011,GPL-3.0,Game/engine source,Original assets separate,https://github.com/arx/ArxLibertatis,Arx Libertatis,"Immersive sim, 3D engine, scripting, physics",5,9,,Community source port,https://en.wikipedia.org/wiki/List_of_commercial_video_games_with_later_released_source_code
57,Postal,1997,Running With Scissors,2016,GPL-2.0,Game source,Original assets separate,,Postal Classic source builds,"Top-down action, pathing, weapons, AI",5,8,,Source release,https://en.wikipedia.org/wiki/List_of_commercial_video_games_with_later_released_source_code
58,Tread Marks,2000,Longbow Games,2017,GPL-3.0,Game source,Freeware/content availability varies,,Tread Marks community,"3D vehicular combat, terrain/gameplay systems",4,8,,Source release,https://en.wikipedia.org/wiki/List_of_commercial_video_games_with_later_released_source_code
59,Dink Smallwood,1997,Robbins Entertainment,2003,Source available / GPL components,Game/source,Data availability varies by edition,,FreeDink,"2D RPG, scripted objects, tile maps",5,8,,Community source ecosystem,https://en.wikipedia.org/wiki/List_of_commercial_video_games_with_later_released_source_code
60,Rogue Legacy,2013,Cellar Door Games,2024,Custom source license,Game source,Commercial assets remain constrained,,Rogue Legacy source release,"2D procedural roguelite, inheritance mechanics",5,8,,Check the source license before reuse,https://en.wikipedia.org/wiki/List_of_commercial_video_games_with_later_released_source_code
61,Duelyst,2016,Counterplay Games,2023,MIT / CC0,Broad source + assets,CC0 assets/content,,Duelyst community ecosystem,"HTML5 strategy/CCG, deterministic board state",5,8,,GitHub location/ownership has changed,https://en.wikipedia.org/wiki/List_of_commercial_video_games_with_later_released_source_code
62,Red Dog: Superior Firepower,2000,Argonaut Games,2022,MIT,Game source,Original assets separate,,Red Dog source,Dreamcast-era 3D shooter/vehicle game,4,8,,Authorized by original programmer,https://en.wikipedia.org/wiki/List_of_commercial_video_games_with_later_released_source_code
63,Raptor: Call of the Shadows,1994,Apogee / Cygnus,2023,GPL-2.0-or-later,DOS source,Original assets separate,,Raptor source forks,"Scrolling shooter, tile/sprite architecture",4,7,,Source release on GitHub,https://en.wikipedia.org/wiki/List_of_commercial_video_games_with_later_released_source_code
64,Shadowgun: DeadZone,2012,MADFINGER Games,2015,Source/public license with restrictions,Source + some assets,Some content/assets released,,Community server projects,"Mobile multiplayer shooter, client/server",4,7,,License requires careful review,https://en.wikipedia.org/wiki/List_of_commercial_video_games_with_later_released_source_code
65,Blades of Exile,1997,Spiderweb Software,2007,GPL-2.0-only,Game + artwork,Openly released,,Blades of Exile/Open Blades,"Isometric RPG, scenario scripting",5,8,,Source release by Spiderweb,https://en.wikipedia.org/wiki/List_of_commercial_video_games_with_later_released_source_code
66,Clonk series,1994,RedWolf Design,2010,ISC source; CC variants for content,Series source,Content licensing differs,https://github.com/openclonk/openclonk,OpenClonk,2D physics sandbox/RTS/platform hybrid,5,8,,Community continuation,https://en.wikipedia.org/wiki/List_of_commercial_video_games_with_later_released_source_code
67,Colobot,2001,Epsitec SA,2012,GPL-3.0,Game source + data,Open content,https://github.com/colobot/colobot,Colobot,3D educational RTS/programming game,5,8,,Repo not live-queried,https://en.wikipedia.org/wiki/List_of_commercial_video_games_with_later_released_source_code
68,Abuse,1995,Crack dot Com,2003,Public domain source,Game source + shareware media,Shareware media mostly free; sound caveats,https://github.com/abuse/abuse,Abuse 20th Anniversary / community ports,"2D run-and-gun, scripted entities",5,8,,Repo not live-queried,https://en.wikipedia.org/wiki/List_of_commercial_video_games_with_later_released_source_code
69,AstroMenace,2006,Viewizard,2007,GPL-3.0-or-later,Game source,CC BY-SA 3.0 content,,OpenAstroMenace,"3D arcade shooter, OpenGL, particles",4,7,,Source/content both liberated,https://en.wikipedia.org/wiki/List_of_commercial_video_games_with_later_released_source_code
70,Glitch,2009,Tiny Speck,2013,CC0 for released portions,Most art + parts of code,Large amount released,,Glitch revival projects,"Browser MMO, client/server state",5,8,,Not every subsystem released,https://en.wikipedia.org/wiki/List_of_commercial_video_games_with_later_released_source_code
71,Habitat,1985,Lucasfilm Games,2016,MIT,Source restored/released,Original assets vary,,NeoHabitat,"Early MMO, client/server message model",5,8,,Historical source restoration,https://en.wikipedia.org/wiki/List_of_commercial_video_games_with_later_released_source_code
72,God of Thunder,1993,Adept Software,2020,Public domain source/assets,Game source + audio,Graphics handled separately,,Community ports,"2D puzzle/action, tile maps",4,7,,Original developer release,https://en.wikipedia.org/wiki/List_of_commercial_video_games_with_later_released_source_code
73,Gravity Force 2,1994,Jens Andersson / Jan Kronqvist,2008,CC BY-SA 4.0,Game source,Game/content under clarified CC license,,Gravity Force community ports,2D multidirectional shooter/physics,4,7,,License clarified in 2017,https://en.wikipedia.org/wiki/List_of_commercial_video_games_with_later_released_source_code
74,MegaBall,1991,Mackey Software,2012,Apache-2.0,Game source,Apache-licensed content,,MegaBall ports,Amiga Breakout/Arkanoid-style game,4,7,,Source released by original author,https://en.wikipedia.org/wiki/List_of_commercial_video_games_with_later_released_source_code
75,Maelstrom,1992,Ambrosia Software,1995,GPL-2.0-only,Game source,Contents later CC BY 3.0,,Maelstrom community forks,Asteroids-like multidirectional shooter,4,7,,Source/content liberated in phases,https://en.wikipedia.org/wiki/List_of_commercial_video_games_with_later_released_source_code
76,Inside a Star-Filled Sky,2011,Jason Rohrer,2011,Public domain,Game source,Public-domain release,,Author/community ports,Recursive 2D top-down simulation,4,7,,Author placed game in public domain,https://en.wikipedia.org/wiki/List_of_commercial_video_games_with_later_released_source_code
77,Kroz,1987,Apogee Software,2009,GPL-2.0-or-later,Game source,Content licensing varies,,Kroz ports,Grid-based maze/adventure,4,7,,Source release,https://en.wikipedia.org/wiki/List_of_commercial_video_games_with_later_released_source_code
78,Beyond the Titanic,1986,Apogee Software,2009,GPL-2.0-or-later,Game source,Open release,,Community ports,Text adventure,4,6,,Source release,https://en.wikipedia.org/wiki/List_of_commercial_video_games_with_later_released_source_code
79,Escape Towards the Unknown,1998,Hurricane Studios,2004,GPL-2.0-only,Game source,Open release,,ETTU community ports,Point-and-click adventure,3,6,,SourceForge-era release,https://en.wikipedia.org/wiki/List_of_commercial_video_games_with_later_released_source_code
80,Eat The Whistle - France 98,1998,Hurricane Studios,2004,GPL-2.0-only,Game source,Open release,,Eat the Whistle community ports,Football simulation,4,7,,SourceForge-era release,https://en.wikipedia.org/wiki/List_of_commercial_video_games_with_later_released_source_code
81,Fish Fillets,1998,ALTAR Games,2002,GPL-2.0-or-later,Game source,Open content,https://github.com/fillets-ng/fillets-ng,Fish Fillets NG,"Physics puzzle, tile maps, deterministic state",5,7,,Repo not live-queried,https://en.wikipedia.org/wiki/List_of_commercial_video_games_with_later_released_source_code
82,Gladiator / OpenGlad,1995,Forgotten Sages Games,2002,GPL-2.0,Game source + content,Open,,OpenGlad,"Top-down action, arenas, pathing",4,7,,Community continuation,https://en.wikipedia.org/wiki/List_of_commercial_video_games_with_later_released_source_code
83,Lemonade Stand,1973,MECC,1979,Public domain,Source code,No artwork,,Educational recreations,Text/economic simulation,3,6,,Source published in period literature,https://en.wikipedia.org/wiki/List_of_commercial_video_games_with_later_released_source_code
84,Adventureland,1978,Scott Adams,1980,Public domain,Source published,Public domain,,Modern interpreters,Text adventure database/interpreter model,4,7,,Published source,https://en.wikipedia.org/wiki/List_of_commercial_video_games_with_later_released_source_code
85,Colossal Cave Adventure,1976,Will Crowther / Don Woods,2000s,Public domain / BSD variants,Original source versions,No modern artwork,,Adventure source variants,"Text adventure, parser state machine",5,8,,Historical source recovered/published,https://en.wikipedia.org/wiki/List_of_commercial_video_games_with_later_released_source_code
86,Dragonfire,1982,Imagic / Bob Smith,2003,Public domain,Atari 2600 source,Public-domain release,,Atari source studies,"8-bit action, sprite/collision loop",4,6,,Original developer release,https://en.wikipedia.org/wiki/List_of_commercial_video_games_with_later_released_source_code
87,Dandy,1983,John Howard Palevich,2018,Apache-2.0,Game source,Apache-licensed,,Dandy ports,Dungeon crawl/grid game,4,7,,Source released with permission,https://en.wikipedia.org/wiki/List_of_commercial_video_games_with_later_released_source_code
88,Ant-Eater,1983,Eddy Fries,2021,MIT,Original source,MIT,,Atari 8-bit source studies,Arcade maze/action,4,6,,Original developer-authorized release,https://en.wikipedia.org/wiki/List_of_commercial_video_games_with_later_released_source_code
89,Bird Strike,1984,Andy Frigaard,2021,GPL-3.0,BBC Micro source,GPL,,Bird Strike ports,8-bit shooter,4,6,,Original developer release,https://en.wikipedia.org/wiki/List_of_commercial_video_games_with_later_released_source_code
90,Alien Bash I+II,1993,Glen Cumming,2014,Public domain,Game source,Public-domain material,,Amiga community ports,Run-and-gun arcade,4,6,,Restored community source,https://en.wikipedia.org/wiki/List_of_commercial_video_games_with_later_released_source_code
91,Cylindrix,1996,Goldtree Enterprises / Softdisk,2001,LGPL-2.0-only,Game source,LGPL release,,Cylindrix ports,"Arcade/shooter, DOS-to-Windows transition",3,7,,Source release,https://en.wikipedia.org/wiki/List_of_commercial_video_games_with_later_released_source_code
92,Cytadela / The Citadel,1995,Virtual Design,2006,GPL-3.0-or-later,Game source,GPL,,Cytadela ports,"Amiga FPS, early 3D rendering",4,7,,Source offered to community,https://en.wikipedia.org/wiki/List_of_commercial_video_games_with_later_released_source_code
93,Halloween: The New Nightmare,2004,Jadeware,2021,GPL-3.0,Game source,GPL,,Community ports,"FPS, 3D adventure",3,7,,GitHub release,https://en.wikipedia.org/wiki/List_of_commercial_video_games_with_later_released_source_code
94,Kaiser II,1988,Carsten Strotmann,2003,GPL,Game source + data,GPL,,Kaiser II ports,"Economic strategy, discrete turns",4,6,,Free software release,https://en.wikipedia.org/wiki/List_of_commercial_video_games_with_later_released_source_code
95,Memonix,2000,Viewizard,2007,Source released,Game source,Licensing varies,,Memonix community ports,Puzzle collection,3,6,,Source released with Viewizard material,https://en.wikipedia.org/wiki/List_of_commercial_video_games_with_later_released_source_code
96,Pararena 2,1992,John Calhoun,2016,MIT,Game source,MIT,,Pararena source,Action/sports,3,6,,Source released on GitHub,https://en.wikipedia.org/wiki/List_of_commercial_video_games_with_later_released_source_code
97,Glider,1990,John Calhoun,2016,Source available,Original Mac source,Content licensing varies,,Glider community projects,"2D physics/flight, side-scrolling",4,7,,Source released by author,https://en.wikipedia.org/wiki/List_of_commercial_video_games_with_later_released_source_code
98,Infinity (Game Boy Color),2016,Affinix Software,2016,Source available,Unfinished game + source,ROM/source available,,Infinity GBC,Turn-based RPG under handheld constraints,4,7,,Unfinished release,https://en.wikipedia.org/wiki/List_of_commercial_video_games_with_later_released_source_code
99,Ironseed,1994,Jeremy Bolas / AHQ,2013,Source available,Game source,Commercial data caveats,,Ironseed community,"Space 4X/RPG, procedural/events",4,8,,Source available through project archive,https://en.wikipedia.org/wiki/List_of_commercial_video_games_with_later_released_source_code
100,Magic Land Island,2012,Wooga,2012,Source released,HTML5 source,Assets/content vary,,Community archive,"Browser social game, client/server",3,6,,Source release,https://en.wikipedia.org/wiki/List_of_commercial_video_games_with_later_released_source_code
101,Pocket Island,2012,Wooga,2012,Source released,HTML5 source,Assets/content vary,,Community archive,Browser social game,3,6,,Source release,https://en.wikipedia.org/wiki/List_of_commercial_video_games_with_later_released_source_code
102,Heartlight,1990,X LanD Computer Games / Janusz Pelc,2005,Unclear/source available,8-bit source,Content varies,,Heartlight community ports,"Puzzle/action, grid movement",4,6,,License status less clear,https://en.wikipedia.org/wiki/List_of_commercial_video_games_with_later_released_source_code
103,Alpha Waves,1990,Infogrames / Christophe de Dinechin,2000s,Source available,Atari ST source,Content varies,,Alpha Waves ports,Early 3D/vector-style action,4,7,,Source archived,https://en.wikipedia.org/wiki/List_of_commercial_video_games_with_later_released_source_code
104,360: Three Sixty,1999,Smart Dog,2020,Source found,Recovered PlayStation source,Original assets unclear,,Preservation archives,3D racing,2,6,,Source-found case; verify provenance/license,https://en.wikipedia.org/wiki/List_of_commercial_video_games_with_later_released_source_code
105,Actua Soccer 96,1996,Gremlin Interactive,1996,Source found,Accidental CD source,Original commercial assets,,Preservation archives,3D sports/soccer,2,6,,Not an authorized open-source release,https://en.wikipedia.org/wiki/List_of_commercial_video_games_with_later_released_source_code
106,MechCommander 2,2001,FASA Interactive / Microsoft,2006,Source available,Large game/source release,Assets/license separate,,MechCommander 2 community forks,"Isometric tactical RTS, scripting, AI",5,8,,Source release with restrictions/omissions,https://en.wikipedia.org/wiki/List_of_commercial_video_games_with_later_released_source_code
107,World in Conflict – Massgate,2007,Massive Entertainment / Ubisoft,2017,Source available,Server/backend source,Game client/assets proprietary,https://github.com/ubisoft/massgate,Community server,RTS networking/backend services,4,7,,Server source only,https://en.wikipedia.org/wiki/List_of_commercial_video_games_with_later_released_source_code
108,Zork I,1977,Infocom,2025,MIT,Original source,Classic data/source release,,Zork source preservation,"Text adventure, parser, database/world model",5,8,,Official Microsoft/Activision release in 2025,https://en.wikipedia.org/wiki/List_of_commercial_video_games_with_later_released_source_code
109,Zork II,1978,Infocom,2025,MIT,Original source,Classic data/source release,,Zork source preservation,"Text adventure, parser, database/world model",5,8,,Official Microsoft/Activision release in 2025,https://en.wikipedia.org/wiki/List_of_commercial_video_games_with_later_released_source_code
110,Zork III,1979,Infocom,2025,MIT,Original source,Classic data/source release,,Zork source preservation,"Text adventure, parser, database/world model",5,8,,Official Microsoft/Activision release in 2025,https://en.wikipedia.org/wiki/List_of_commercial_video_games_with_later_released_source_code
111,A Dark Room,2013,Doublespeak Games,2013,MPL-2.0,Game source,Repository source/content is openly published; check file-specific notices,https://github.com/doublespeakgames/adarkroom,Community forks / browser continuations,"HTML5/JavaScript, minimalist incremental survival, deterministic state simulation",5,7,,Source published in 2013; commercially released after its open-source release,https://github.com/doublespeakgames/adarkroom
112,Little Big Adventure,1994,Adeline Software International,2021,GPL-2.0-only,Engine source,"Original game assets, art, audio and data remain proprietary",https://github.com/2point21/lba1-classic,https://github.com/LBALab/lba1-classic-community,"Assembly/C, DOS-era 2D/3D hybrid, custom engine, animation and scene systems",5,8,,"2021 source release by current rights holders; GPL covers the engine source, not game assets",https://github.com/2point21/lba1-classic
113,Little Big Adventure 2,1997,Adeline Software International,2021,GPL-2.0-only,Engine source,"Original game assets, art, audio and data remain proprietary",https://github.com/2point21/lba2-classic,https://github.com/LBALab/lba2-classic-community,"Assembly/C, custom 2D/3D adventure engine, scene/animation systems",5,8,,"2021 source release by current rights holders; GPL covers the engine source, not game assets",https://github.com/2point21/lba2-classic
114,Amnesia: A Machine for Pigs,2013,The Chinese Room / Frictional Games,2020,GPL-3.0,Game + engine source,Commercial game assets remain separate/proprietary,https://github.com/FrictionalGames/AmnesiaAMachineForPigs,Official source tree,"HPL2.5, C++, physics, scripting, interactive horror",5,9,,Frictional Games released the source in September 2020 under GPLv3,https://github.com/FrictionalGames/AmnesiaAMachineForPigs
115,Thirty Flights of Loving,2012,Blendo Games,2012,GPL-2.0-or-later,Game source,Game assets remain proprietary,https://github.com/blendogames/thirtyflightsofloving,https://github.com/blendogames/thirtyflightsofloving,"KMQuake II / Quake II lineage, C/C++, scripted first-person narrative",5,8,,"Source released in 2012; GPL source release, proprietary assets",https://github.com/blendogames/thirtyflightsofloving
116,Gravity Bone,2008,Blendo Games,2000s,GPL,Game source,Game assets remain proprietary,https://github.com/blendogames/gravitybone,https://github.com/blendogames/gravitybone,"Quake II-derived engine, C/C++, portals, scripted first-person adventure",5,8,,Blendo Games publishes the source on GitHub; game assets are not open,https://github.com/blendogames/gravitybone
117,Quadrilateral Cowboy,2016,Blendo Games,2016,GPL-3.0-or-later,Game source,Game assets remain proprietary,https://github.com/blendogames/quadrilateralcowboy,https://github.com/blendogames/quadrilateralcowboy,"id Tech 4 / iodoom3, C++, scripting, immersive-sim systems",5,9,,"Source released on 8 August 2016; GPL source, proprietary assets",https://github.com/blendogames/quadrilateralcowboy
118,Flotilla,2010,Blendo Games,2020,zlib,Game source,Game assets are not included/open,https://github.com/blendogames/flotilla,https://github.com/blendogames/flotilla,"C#/FNA, 3D tactical strategy, procedural events and combat simulation",5,8,,Blendo Games released the source on the game's 10th anniversary under zlib,https://github.com/blendogames/flotilla
119,Eldritch,2013,Minor Key Games,2014,zlib,Game source + scripts,Commercial game content remains proprietary,https://github.com/MinorKeyGames/Eldritch,https://github.com/MinorKeyGames/Eldritch,"C++, custom engine, procedural FPS/roguelike, scripting",5,9,,Source and scripts released in April 2014 under zlib; game content remains proprietary,https://github.com/MinorKeyGames/Eldritch
120,Good Robot,2016,Pyrodactyl Games / Arvind Raja Yadav,2020,MIT,Game source,Game assets must be obtained from a purchased copy,https://github.com/arvindrajayadav/Good-Robot,https://github.com/arvindrajayadav/Good-Robot,"C++/SDL2, CRAB engine, procedural multidirectional shooter",5,8,,Source released on 3 August 2020 under MIT,https://github.com/arvindrajayadav/Good-Robot
121,Unrest,2014,Pyrodactyl Games / Arvind Raja Yadav,2020,MIT,Game source,Game assets must be obtained separately/from a purchased copy,https://github.com/arvindrajayadav/unrest,https://github.com/arvindrajayadav/unrest,"C++/CRAB engine, narrative RPG, dialogue and event systems",5,8,,Source released on 3 August 2020 under MIT; ScummVM later added support,https://github.com/arvindrajayadav/unrest
122,Will Fight for Food: SAS: GOTH,2015,Pyrodactyl Games / Arvind Raja Yadav,2020,MIT,Game source,Game assets must be obtained separately/from a purchased copy,https://github.com/arvindrajayadav/Will-Fight-for-Food--SAS--GOTH,https://github.com/arvindrajayadav/Will-Fight-for-Food--SAS--GOTH,"C++/CRAB engine, beat-'em-up/RPG hybrid, dialogue and combat systems",5,8,,Source released on 3 August 2020 under MIT,https://github.com/arvindrajayadav/Will-Fight-for-Food--SAS--GOTH
123,Urban Chaos,1999,Mucky Foot Productions,2017,MIT,Game source snapshot,No game data/assets included; source snapshot includes PC and console-era code,https://github.com/dizzy2003/MuckyFoot-UrbanChaos,https://github.com/UltimaBeaR/OpenChaos,"C/DirectX/Glide, PC/PSX/Dreamcast 3D action engine, editors, scripting and AI tools",5,8,,Source snapshot made public by former Mucky Foot developer Mike Diskett; data is not included,https://github.com/dizzy2003/MuckyFoot-UrbanChaos
124,Vangers,1998,K-D Lab,2016,GPL-3.0,Game source,"Maps, sounds, textures and other resources still require the purchased game",https://github.com/KranX/Vangers,https://github.com/KranX/Vangers,"C/C++, custom 3D engine, racing/RPG simulation, multiplayer",5,9,,Source published under GPLv3; commercial resources remain separate,https://github.com/KranX/Vangers
125,Perimeter,2005,K-D Lab,2021,GPL-3.0,Game source,Commercial game resources/assets remain separate,https://github.com/KD-lab-Open-Source/Perimeter,https://github.com/KD-lab-Open-Source/Perimeter,"C++, 3D RTS, deformable terrain, energy networks, scripting and multiplayer",5,9,,K-D Lab publishes the game code under GPLv3; the repository documents modding support,https://github.com/KD-lab-Open-Source/Perimeter
126,Toki Tori 2+,2013,Two Tribes,2021,GPL-2.0-only,In-house engine source,Repository assets are copyrighted and the full commercial game remains separately licensed,https://github.com/TwoTribesGames/ttengine,https://github.com/TwoTribesGames/ttengine,"Two Tribes in-house 2D-focused C++ engine, layered rendering, PC/console-era tooling",4,8,,Two Tribes released the PC engine source in December 2021; this is engine source rather than the complete game,https://github.com/TwoTribesGames/ttengine
127,Skin Deep,2025,Blendo Games,2025,GPL-3.0,Engine + gameplay source,"Art, models, textures, audio and levels are not open-source",https://github.com/blendogames/SkinDeep,https://github.com/blendogames/SkinDeep,"id Tech 4 / dhewm3, C++, stealth/immersive-sim gameplay, modding systems",5,9,,Official source release in 2025 under GPL; commercial assets remain proprietary,https://github.com/blendogames/SkinDeep
128,Machines: Wired for War,1999,Acclaim / Nightdive Studios,2020,GPL-3.0,Game/engine source,Code release; original commercial game data/assets remain separate,https://github.com/NightDive-Studio/machines,https://github.com/WiredForWar/machines,"C/C++, OpenGL, 3D RTS, terrain, pathfinding and strategic AI",5,9,,Source released under GPLv3 with permission of rights holder Nightdive Studios,https://github.com/NightDive-Studio/machines
129,Towns,2012,Xavi Canal / SMP,2026,GPL-3.0,Full game source,Original commercial assets remain proprietary/separately licensed,https://github.com/supermalparit/Towns,https://github.com/OpenTowns/OpenTowns,"Java/LWJGL-era 2D colony/city simulation, procedural maps and entity systems",5,8,,Original developers released the full source in 2026 under GPLv3; community revival work is active,https://github.com/supermalparit/Towns
130,Unturned,2014,Smartly Dressed Games,2026,Source-available proprietary license (non-commercial mods),Game source (U3 SDK),Commercial game assets and excluded/third-party components remain separately licensed,https://github.com/SmartlyDressedGames/U3-SDK,https://github.com/SmartlyDressedGames/U3-SDK,"C#/Unity 2022, networked survival sandbox, multiplayer and mod APIs",5,8,,"Official 2026 source release, but explicitly not OSI open source; use/distribution is restricted to non-commercial mods",https://github.com/SmartlyDressedGames/U3-SDK
131,Barotrauma,2017,FakeFish / Undertow Games,2019,Source-available proprietary EULA (mods only),Game source (modding-restricted),Source and art are copyright-protected and governed by the proprietary EULA,https://github.com/FakeFishGames/Barotrauma,https://github.com/FakeFishGames/Barotrauma,"C#/.NET, 2D multiplayer submarine simulation, client/server and mod systems",5,8,,"Public source for substantial modding and contribution, but EULA forbids standalone/commercial use and calls it not open source",https://github.com/FakeFishGames/Barotrauma
132,Monster RPG 2,2010,Nooskewl,2012,zlib,Game source,Content/data licensing differs from the source-code license,https://github.com/LibreGamesArchive/monster-rpg-2,https://github.com/LibreGamesArchive/monster-rpg-2,"C++/SDL/OpenGL, 2D JRPG, tile maps, turn-based battles and scripting",5,8,,Open-source campaign led to a 2012 source release; archive repo preserves the source and later zlib licensing,https://github.com/LibreGamesArchive/monster-rpg-2
133,NoGravity,1996,Realtech VR,2005,GPL-2.0,Game source,Original game data/assets require separate handling,https://github.com/realtech-vr/nogravity,,"Real-time 3D space combat, VR-oriented rendering, mission system",5,8,,Open-source release; primary repository/distribution should be preserved where available,https://en.wikipedia.org/wiki/List_of_commercial_video_games_with_later_released_source_code
134,Nothing to Hide,2013,Nicky Case,2013,CC0,Game source + assets,CC0 release covers the released project materials,https://github.com/cc0coder/nothing-to-hide,,"HTML5/JavaScript, puzzle/infiltration mechanics, procedural systems",5,7,,Public-domain/CC0 release; useful as a compact study target,https://en.wikipedia.org/wiki/List_of_commercial_video_games_with_later_released_source_code
135,PaybackTime 2,1997,Unknown / independent,1997,Public domain,Game source + assets,Public-domain release,,,DOS-era 2D arcade/shooter architecture,4,6,,Public-domain source and data release documented in the source-code research list,https://en.wikipedia.org/wiki/List_of_commercial_video_games_with_later_released_source_code
136,Pinball Construction Set,1983,Bill Budge / EA,1983,MIT,Source release,Historical source; original commercial media should be treated separately,,,"8-bit construction-system architecture, object/component simulation",5,8,,Historical source release for a commercially distributed construction game,https://en.wikipedia.org/wiki/List_of_commercial_video_games_with_later_released_source_code
137,Planet Blupi,1997,Epsitec SA,2010s,GPL-3.0,Game source + media,Open source/media release; verify individual asset files and trademarks,,,"2D strategy/platform hybrid, tile maps, scripting and simulation",5,8,,Open-source source-and-media release; strong preservation candidate,https://en.wikipedia.org/wiki/List_of_commercial_video_games_with_later_released_source_code
138,Principia,2013,Bithack,2022,BSD-3-Clause,Game source,Source release covers the game project; platform/distribution assets may differ,https://github.com/Bithack/Principia,,"2D physics sandbox, electronics, scripting and construction",5,9,,SteamDB lists the commercial PC release; source-release research documents BSD-3-Clause publication,https://en.wikipedia.org/wiki/List_of_commercial_video_games_with_later_released_source_code
139,Seven Kingdoms,1996,Enlight Software,2008,GPL-2.0,Game source,Music and some commercial media remain separate,https://github.com/7kaa/7kaa,,"2D/2.5D RTS, economic simulation, AI and diplomacy",5,9,,Source released under GPL; community 7KAA continuation,https://en.wikipedia.org/wiki/List_of_commercial_video_games_with_later_released_source_code
140,Sissyfight 2000 Returns,2014,Nicky Case,2018,MIT / CC BY,Game source + assets,Code MIT; released art/content uses separate CC licensing,,,"HTML5 multiplayer strategy, browser client/server state",5,8,,Code and assets released under permissive/free licenses,https://en.wikipedia.org/wiki/List_of_commercial_video_games_with_later_released_source_code
141,Soldat,2002,Transhuman Design,2020,MIT / CC BY,Game source + assets,Code MIT; art/assets have separate CC terms,https://github.com/Soldat/soldat,Soldat community clients,"2D networked shooter, deterministic physics, multiplayer",5,9,,SteamDB confirms commercial Steam release; source release is MIT with CC-licensed assets,https://en.wikipedia.org/wiki/List_of_commercial_video_games_with_later_released_source_code
142,Sopwith,1984,David L. Clark,2000,GPL-2.0,Game source,DOS/8-bit source release,,,"2D side-scrolling flight combat, fixed-step simulation",5,8,,Classic commercial/shareware game later released under GPL,https://en.wikipedia.org/wiki/List_of_commercial_video_games_with_later_released_source_code
143,Stunt Copter,1986,Pangea Software / Mark Lacoste,1986,Public domain,Game source + assets,Public-domain historical source and media release,,,Apple II/early Macintosh arcade physics,4,6,,Source/assets released publicly; historical preservation case,https://en.wikipedia.org/wiki/List_of_commercial_video_games_with_later_released_source_code
144,Super Lemonade Factory,2012,Initials Games,2021,MIT / GPL-3.0,Game source,Ouya source/art release; individual assets may retain project-specific terms,,,"2D platform puzzle, deterministic movement, level scripting",5,8,,Source/code release documented in 2021,https://en.wikipedia.org/wiki/List_of_commercial_video_games_with_later_released_source_code
145,Tyrian / OpenTyrian,1995,Epic MegaGames,2007,GPL-2.0,Game source port,OpenTyrian is a C reimplementation based on released data; original game assets have separate terms,https://github.com/opentyrian/OpenTyrian,OpenTyrian,"Scrolling shooter, tile/sprite engine, deterministic weapon/gameplay systems",5,8,,Commercial Tyrian is represented by the GPL OpenTyrian source release/reimplementation with free data,https://en.wikipedia.org/wiki/List_of_commercial_video_games_with_later_released_source_code
146,VGA Civil War Strategy Game,1995,Edward G. Boehnke,2017,MIT,Game source,Original DOS game source release,,,"Turn-based strategy, map simulation and resource management",4,7,,MIT source release documented by the original source-code research catalog,https://en.wikipedia.org/wiki/List_of_commercial_video_games_with_later_released_source_code
147,Voxelquest,2014,Voxel Quest,2016,MIT,Engine/game source,Source release includes engine/game code; assets vary by repository,,,"Voxel engine, procedural worlds, simulation-heavy architecture",5,9,,Open-source source release useful for engine archaeology,https://en.wikipedia.org/wiki/List_of_commercial_video_games_with_later_released_source_code
148,Wander,1974,Peter Langston,2015,Public domain / source available,Game source,Historical source recovery,,,"Text adventure engine, world graph and parser",5,8,,Source acquired/released from original author; licensing should be checked by artifact,https://en.wikipedia.org/wiki/List_of_commercial_video_games_with_later_released_source_code
149,WaterRace,2000,Bit Brothers,2014,GPL-2.0,Game source,Music has separate CC BY-NC-SA terms,,,"3D racing, physics, vehicles and track simulation",4,8,,Game source and most content released under GPL; music has separate noncommercial terms,https://en.wikipedia.org/wiki/List_of_commercial_video_games_with_later_released_source_code
150,Warfare Incorporated / Hostile Takeover,2003,Spiffcode,2014,BSD / FreeBSD,Game source + content,Source/content released; later mobile/distribution assets may differ,,,"2D RTS, resource economy, pathfinding and scripting",5,8,,Source release documented for commercial mobile/PC lineage,https://en.wikipedia.org/wiki/List_of_commercial_video_games_with_later_released_source_code
151,Word Whiz,1988,Munky Games,2009,GPL-2.0,Game source,Historical source release,,,"Educational word game, dictionary/state-machine logic",4,6,,GPL source publication documented in the commercial-source catalog,https://en.wikipedia.org/wiki/List_of_commercial_video_games_with_later_released_source_code
152,ZZT,1991,Epic MegaGames,2000s,MIT,Game source,Third-party original worlds/content were removed from the source distribution,,,"Tile-based world engine, scripting, object/event VM",5,9,,Source released with third-party content removed; permission from Tim Sweeney documented,https://en.wikipedia.org/wiki/List_of_commercial_video_games_with_later_released_source_code
153,Allegiance / FreeAllegiance,2000,Microsoft Research,2004,MIT,Game source + server ecosystem,Original Microsoft assets and trademarks are separate,https://github.com/FreeAllegiance/Allegiance,FreeAllegiance,"3D multiplayer space combat, client/server, networking and strategy",5,9,,FreeAllegiance is the long-running open-source continuation,https://en.wikipedia.org/wiki/List_of_commercial_video_games_with_later_released_source_code
154,Amulets & Armor,1997,United Software Artists,2013,GPL-3.0,Game source,Original commercial assets may require separate handling,,,"DOS-era first-person RPG, raycasting/3D, scripting",5,8,,GPL source release documented in the source-release catalog,https://en.wikipedia.org/wiki/List_of_commercial_video_games_with_later_released_source_code
155,Ares / Antares,1996,Ambrosia Software,2008,LGPL-3.0,Game source,Most media later released under CC BY-NC-SA; license differs by component,,,"2D space combat, mission scripting and ship simulation",5,9,,IGDB identifies the original Ares commercial release; source was later released under LGPL,https://en.wikipedia.org/wiki/List_of_commercial_video_games_with_later_released_source_code
156,Avara,1996,Ambrosia Software,2016,MIT,Game source,Commercial-era assets and builds should be checked separately,https://github.com/Avara/Avara,Avara community ports,"3D networked arena shooter, client/server and level scripting",5,9,,MIT source release; strong multiplayer/network architecture study target,https://en.wikipedia.org/wiki/List_of_commercial_video_games_with_later_released_source_code
157,Buzz Aldrin's Race Into Space,1993,Strategic Visions / Interplay,2007,GPL-2.0,Game source,Original game media/data have separate preservation concerns,https://github.com/raceintospace/raceintospace,Race Into Space,"Turn-based space-program simulation, event scheduling and resource management",5,8,,GPL source release; open-source continuation Race Into Space,https://en.wikipedia.org/wiki/List_of_commercial_video_games_with_later_released_source_code
158,Cart Life,2011,Richard Hofmeier,2014,Artistic-2.0,Game source,Game was also made freely available; verify asset terms separately,,,"2D simulation, scheduling, economy and narrative state machines",5,8,,Source release and freeware transition documented in the source-release catalog,https://en.wikipedia.org/wiki/List_of_commercial_video_games_with_later_released_source_code
159,Corncob 3D,1993,Digital Cybercherries / Edmark,2016,Public domain,Game source,Public-domain software; original commercial media may differ,,,"3D flight/shooter, voxel/bitmap-era rendering",4,7,,Public-domain source release; notable early PC 3D architecture,https://en.wikipedia.org/wiki/List_of_commercial_video_games_with_later_released_source_code
160,Glider 4.0,1991,John Calhoun,2016,MIT,Game source,Original game content should be checked separately,,,"Mac 2D physics, scrolling, collision and flight simulation",4,8,,MIT source release by the original author,https://en.wikipedia.org/wiki/List_of_commercial_video_games_with_later_released_source_code
161,Glider PRO,1994,John Calhoun,2016,GPL-2.0,Game source + graphics/sound,Released graphics and sound have source-specific terms,,,"Mac 2D physics/flight, scrolling and deterministic simulation",4,8,,GPL source plus released graphics/sound documented in 2016,https://en.wikipedia.org/wiki/List_of_commercial_video_games_with_later_released_source_code
162,Gloom,1995,Black Magic Software,2017,Public domain / Unlicense,Game source,Asset and trademark status can differ from source,,,"Amiga FPS, 2.5D rendering, sprites and multiplayer",5,8,,Public/unencumbered source release documented in the catalog,https://en.wikipedia.org/wiki/List_of_commercial_video_games_with_later_released_source_code
163,Gunocide II,2000,Dark Matter Studios,2001,GPL-2.0,Game source + freeware,Source release accompanied by freeware distribution,,,"2D shooter, scrolling sprites, weapon/enemy state machines",4,7,,GPL source release following the commercial game's freeware transition,https://en.wikipedia.org/wiki/List_of_commercial_video_games_with_later_released_source_code
164,H-Craft Championship,2007,Irr? / independent,2015,zlib,Game source,Commercial data/content may differ from source license,,,"3D hovercraft racing, physics and vehicle simulation",4,8,,zlib source release documented in the source-code catalog,https://en.wikipedia.org/wiki/List_of_commercial_video_games_with_later_released_source_code
165,Haunts: The Manse Macabre,2012,Blackfang Studio,2012,BSD-3-Clause,Game source,Source released near the commercial launch,,,"2D/3D hybrid horror/adventure, scripted events and exploration",4,8,,BSD-3-Clause source release,https://en.wikipedia.org/wiki/List_of_commercial_video_games_with_later_released_source_code
166,Hypercycles,1995,Ambrosia Software,2017,GPL-3.0,Game source,Content/trademarks should be treated separately,,,"Arcade action, vector/3D-era rendering, deterministic gameplay",4,7,,GPL source release documented by the source-release research,https://en.wikipedia.org/wiki/List_of_commercial_video_games_with_later_released_source_code
167,Meridian 59,1995,3DO / Archetype / Near Death,2012,GPL-2.0,Game/server source,Some original art/content and trademarks remain separately controlled,https://github.com/Draconic/meridian59,Meridian 59 community server,"Early commercial MMORPG, client/server, persistent world and scripting",5,9,,Most source released under GPL; major historical MMO preservation target,https://en.wikipedia.org/wiki/List_of_commercial_video_games_with_later_released_source_code
168,The Pit Puzzle,1997,Abe Pralle / Plasmaworks,2011,Apache-2.0,Game source,DOS source release,,,"DOS puzzle game, grid state and level scripting",5,7,,Author-released Apache-2.0 source,https://en.wikipedia.org/wiki/List_of_commercial_video_games_with_later_released_source_code
169,Project Starfighter,2001,Parallel Realities,2008,GPL-2.0,Game source,Freeware/open-source release,,,"2D space shooter, tile/sprite rendering and mission scripting",5,8,,GPLv2 source release by the developer,https://en.wikipedia.org/wiki/List_of_commercial_video_games_with_later_released_source_code
170,Star Ruler 2,2015,Blind Mind Studios,2018,MIT,Game source,Assets CC BY-NC 2.0; music has separate terms,https://github.com/BlindMindStudios/Star-Ruler-2,Star Ruler 2 community forks,"3D RTS/4X, simulation-heavy economy, AI and networking",5,10,,Open-source project released on GitHub in 2018; SteamDB and IGDB confirm the original commercial release,https://en.wikipedia.org/wiki/List_of_commercial_video_games_with_later_released_source_code
171,Starshatter: The Gathering Storm,2004,Destroyer Studios / Matrix Games,2011,BSD-3-Clause,Game source,Freeware game distribution and source release,,,"3D space combat, flight physics, AI and mission simulation",5,9,,Source released by Destroyer Studios/Matrix Games in 2011,https://en.wikipedia.org/wiki/List_of_commercial_video_games_with_later_released_source_code
172,Strange Adventures in Infinite Space,2002,Digital Eel,2005,GPL-3.0,Game source,Assets use separate CC BY-NC terms,,,"2D space exploration, procedural generation and event simulation",5,8,,GPL source with separately licensed assets,https://en.wikipedia.org/wiki/List_of_commercial_video_games_with_later_released_source_code
173,Team 47 GoMan,1997,Virtual World / Team 47,1998,Public domain / source available,Game source + art,Historical source/art release needs artifact-level provenance checks,,,"3D multiplayer action, early networked engine architecture",4,8,,Very early source/publicity release later archived on GitHub,https://en.wikipedia.org/wiki/List_of_commercial_video_games_with_later_released_source_code
174,Tribal Trouble,2005,Oddlabs,2014,GPL-2.0,Game source,Commercial game media and current revival content are separate,,Tribal Trouble: Resurrected,"3D RTS, Java/OpenGL heritage, AI, resource simulation and networking",5,9,,GPL source release; SteamDB now shows the 2026 community revival project,https://en.wikipedia.org/wiki/List_of_commercial_video_games_with_later_released_source_code
175,Catacomb,1989,Softdisk / id Software,2014,GPL-2.0,Game source,Original game assets separate,,Catacomb source ports,"2D/early 3D top-down action, tile maps and fixed-step logic",5,8,,GPL source release from id Software history,https://en.wikipedia.org/wiki/List_of_commercial_video_games_with_later_released_source_code
176,Catacomb 3D,1991,id Software,2014,GPL-2.0,Game source,Original game assets separate,,Catacomb 3D source ports,"Raycasting FPS, tile/grid world, sprite objects",5,9,,GPL source release; important Wolfenstein/DOOM lineage study target,https://en.wikipedia.org/wiki/List_of_commercial_video_games_with_later_released_source_code
177,The Colony,1988,David A. Smith / Mindcraft,2023,Apache-2.0,Game source,Historical PC/Mac/Amiga source; assets vary,,,"Early 3D exploration, raycasting/vector-style rendering and scripted world",5,8,,Source release in 2023 under Apache-2.0,https://en.wikipedia.org/wiki/List_of_commercial_video_games_with_later_released_source_code
178,Command & Conquer: Generals – Zero Hour,2003,EA Pacific / Electronic Arts,2025,GPL-3.0,Game source,Commercial assets/data remain separate,https://github.com/electronicarts/CnC_Generals_Zero_Hour,"OpenRA is a reimplementation, not the released source","3D RTS, terrain, networking, scripting and AI",5,10,,EA released the original game source in 2025 under GPLv3,https://en.wikipedia.org/wiki/List_of_commercial_video_games_with_later_released_source_code
179,Command & Conquer: Renegade,2002,Westwood Studios / Electronic Arts,2025,GPL-3.0,Game source,Commercial assets/data remain separate,https://github.com/electronicarts/CnC_Renegade,Renegade community projects,"3D FPS/RTS hybrid, vehicles, networking and scripting",5,10,,EA released the game source in 2025 under GPLv3,https://en.wikipedia.org/wiki/List_of_commercial_video_games_with_later_released_source_code
180,Commander Keen in Keen Dreams,1991,id Software / Softdisk,2014,GPL-2.0,Game source,Commercial/shareware assets separate,https://github.com/id-Software/keen,,"2D platformer, tile engine, sprite actors and level logic",5,9,,GPL source release; useful early id Software archaeology target,https://en.wikipedia.org/wiki/List_of_commercial_video_games_with_later_released_source_code
181,CoreBreach,2011,CoreBreach developers,2010s,MIT / GPL,Game source,Source released after project sales threshold; assets may differ,,,"2D/3D action game, network/state logic",4,7,,Source-release arrangement documented in the commercial-source catalog,https://en.wikipedia.org/wiki/List_of_commercial_video_games_with_later_released_source_code
182,Cortex Command,2012,Data Realms,2019,AGPL-3.0,Game source,Original commercial assets and content may remain separately licensed,,Cortex Command Community Project,"2D physics-heavy strategy/shooter, Lua scripting, destructible terrain",5,9,,AGPLv3 source release in 2019; SteamDB confirms commercial release,https://en.wikipedia.org/wiki/List_of_commercial_video_games_with_later_released_source_code
183,Delver,2012,Priority Interrupt,2020,zlib,Game source,Commercial game data/assets may be separately licensed,,Delver community forks,"Java/OpenGL, voxel-like dungeon maps, procedural generation and modding",5,8,,Source moved to zlib in 2020; SteamDB confirms commercial Steam release,https://en.wikipedia.org/wiki/List_of_commercial_video_games_with_later_released_source_code
184,Quake 4,2005,Raven Software / id Software,2021,GPL-2.0,Game source,Original commercial assets separate,https://github.com/id-Software/Quake-4,Quake 4 community ports,"id Tech 4, Doom 3 lineage, BSP, networking and scripting",5,10,,Source code released under GPLv2 in 2021,https://en.wikipedia.org/wiki/List_of_commercial_video_games_with_later_released_source_code
185,Siege of Avalon,2000,Global Star Software,2003,LGPL-2.1,Game source,Original assets/data separate,,Siege of Avalon community projects,"2D isometric RPG, tile maps, quests and scripting",5,8,,LGPL source release documented in the catalog,https://en.wikipedia.org/wiki/List_of_commercial_video_games_with_later_released_source_code
186,Spacebase DF-9,2013,Double Fine Productions,2015,CPAL-1.0,Game source,Commercial game assets and content may differ,,Community continuation forks,"2D/3D space-colony simulation, procedural generation, Lua/gameplay systems",5,8,,Source published after project cancellation; CPAL license applies,https://en.wikipedia.org/wiki/List_of_commercial_video_games_with_later_released_source_code
187,Seven Kingdoms II: The Fryhtan Wars,1999,Enlight Software,2009,GPL-2.0,Game source,Original commercial assets/media separate,,7K2 community/source projects,"2D/2.5D RTS, diplomacy, economy, AI and asymmetric factions",5,9,,Source released under GPL; separate from Seven Kingdoms/7KAA,https://en.wikipedia.org/wiki/List_of_commercial_video_games_with_later_released_source_code
188,Revenge of the Titans,2010,Puppy Games,2011,BSD-3-Clause,Game source,Commercial content may have separate terms,,Revenge of the Titans source projects,"2D tower defense, scripting, pathfinding and procedural map generation",5,8,,BSD-3-Clause source release; SteamDB confirms commercial Steam release,https://en.wikipedia.org/wiki/List_of_commercial_video_games_with_later_released_source_code
189,Anodyne,2013,Sean Hogan / Joni Kittaka,2020,Custom permissive license,Game source,Custom license; verify exact redistribution terms before reuse,,Anodyne source projects,"2D tile engine, room graph, combat and scripted interactions",5,8,,Source released in 2020 under a custom permissive license,https://en.wikipedia.org/wiki/List_of_commercial_video_games_with_later_released_source_code
190,Crongdor the Barbarian,2016,Ripped Wizards,2016,GPL-3.0,Game source,Steam source package is available free-on-demand; third-party libraries have separate licenses,,Steam source package / community mirrors,"2D action/platformer, C++ game loop and scripting",5,8,,SteamDB exposes a dedicated free-on-demand source package (SubID 110063) and states GPLv3 licensing,https://steamdb.info/app/488190/
191,DROD series,1997,Caravel Games,2000s,MPL-1.1,Game engine source,No game media; source release covers the engines and related tools,,DROD community projects,"2D grid puzzle engine, deterministic rules, scripting and level editors",5,9,,Commercial DROD engines were released as open source under MPL; included as a series record to avoid duplicating the same engine release across many titles,https://en.wikipedia.org/wiki/List_of_commercial_video_games_with_later_released_source_code
